Rank,Company Name,Number of Employees,Previous Rank,Revenues,Revenue Change,Profits,Profit Change,Assets,Market Value
1,Walmart,"23,00,000",1,"$4,85,873",0.80%,"$13,643.0",-7.20%,"$1,98,825","$2,18,619"
2,Berkshire Hathaway,"3,67,700",4,"$2,23,604",6.10%,"$24,074.0",0.00%,"$6,20,854","$4,11,035"
3,Apple,"1,16,000",3,"$2,15,639",-7.70%,"$45,687.0",-14.40%,"$3,21,686","$7,53,718"
4,Exxon Mobil,"72,700",2,"$2,05,004",-16.70%,"$7,840.0",-51.50%,"$3,30,314","$3,40,056"
5,McKesson,"68,000",5,"$1,92,487",6.20%,"$2,258.0",53.00%,"$56,563","$31,439"
6,UnitedHealth Group,"2,30,000",6,"$1,84,840",17.70%,"$7,017.0",20.70%,"$1,22,810","$1,57,793"
7,CVS Health,"2,04,000",7,"$1,77,526",15.80%,"$5,317.0",1.50%,"$94,462","$81,310"
8,General Motors,"2,25,000",8,"$1,66,380",9.20%,"$9,427.0",-2.70%,"$2,21,690","$52,968"
9,AT&T,"2,68,540",10,"$1,63,786",11.60%,"$12,976.0",-2.80%,"$4,03,821","$2,55,679"
10,Ford Motor,"2,01,000",9,"$1,51,800",1.50%,"$4,596.0",-37.70%,"$2,37,951","$46,349"
11,AmerisourceBergen,"18,500",12,"$1,46,850",8.00%,"$1,427.9",-,"$33,656","$19,229"
12,Amazon.com,"3,41,400",18,"$1,35,987",27.10%,"$2,371.0",297.80%,"$83,402","$4,23,031"
13,General Electric,"2,95,000",11,"$1,26,661",-9.80%,"$8,831.0",-,"$3,65,183","$2,59,520"
14,Verizon,"1,60,900",13,"$1,25,980",-4.30%,"$13,127.0",-26.60%,"$2,44,180","$1,98,900"
15,Cardinal Health,"37,300",21,"$1,21,546",18.50%,"$1,427.0",17.40%,"$34,122","$25,725"
16,Costco,"1,72,000",15,"$1,18,719",2.20%,"$2,350.0",-1.10%,"$33,163","$73,606"
17,Walgreens Boots Alliance,"3,00,000",19,"$1,17,351",13.40%,"$4,173.0",-1.10%,"$72,688","$89,645"
18,Kroger,"4,43,000",17,"$1,15,337",5.00%,"$1,975.0",-3.10%,"$36,505","$26,961"
19,Chevron,"55,200",14,"$1,07,567",-18.00%,-$497.0,-110.80%,"$2,60,078","$2,03,263"
20,Fannie Mae,"7,000",16,"$1,07,162",-2.90%,"$12,313.0",12.40%,"$32,87,968","$3,011"
21,J.P. Morgan Chase,"2,43,355",23,"$1,05,486",4.40%,"$24,733.0",1.20%,"$24,90,972","$3,13,761"
22,Express Scripts Holding,"25,600",22,"$1,00,288",-1.40%,"$3,404.4",37.50%,"$51,745","$39,567"
23,Home Depot,"4,06,000",28,"$94,595",6.90%,"$7,957.0",13.50%,"$42,966","$1,76,368"
24,Boeing,"1,50,540",24,"$94,571",-1.60%,"$4,895.0",-5.40%,"$89,997","$1,07,546"
25,Wells Fargo,"2,69,100",27,"$94,176",4.60%,"$21,938.0",-4.20%,"$19,30,115","$2,78,516"
26,Bank of America Corp.,"2,08,024",26,"$93,662",0.70%,"$17,906.0",12.70%,"$21,87,702","$2,36,182"
27,Alphabet,"72,053",36,"$90,272",20.40%,"$19,478.0",19.10%,"$1,67,497","$5,79,426"
28,Microsoft,"1,14,000",25,"$85,320",-8.80%,"$16,798.0",37.80%,"$1,93,694","$5,08,935"
29,Anthem,"53,000",33,"$84,863",7.20%,"$2,469.8",-3.50%,"$65,083","$43,813"
30,Citigroup,"2,19,000",29,"$82,386",-6.70%,"$14,912.0",-13.50%,"$17,92,077","$1,65,394"
31,Comcast,"1,59,000",37,"$80,403",7.90%,"$8,695.0",6.50%,"$1,80,500","$1,78,258"
32,IBM,"4,14,400",31,"$79,919",-3.10%,"$11,872.0",-10.00%,"$1,17,470","$1,64,251"
33,State Farm Insurance Cos.,"68,234",35,"$76,132",0.60%,$350.3,-94.40%,"$2,56,030",-
34,Phillips 66,"14,800",30,"$72,396",-16.90%,"$1,555.0",-63.20%,"$51,653","$40,954"
35,Johnson & Johnson,"1,26,400",39,"$71,890",2.60%,"$16,540.0",7.30%,"$1,41,208","$3,37,642"
36,Procter & Gamble,"1,05,000",34,"$71,726",-8.90%,"$10,508.0",49.30%,"$1,27,136","$2,29,700"
37,Valero Energy,"9,996",32,"$70,166",-14.20%,"$2,289.0",-42.60%,"$46,173","$29,746"
38,Target,"3,23,000",38,"$69,495",-5.80%,"$2,737.0",-18.60%,"$37,431","$30,502"
39,Freddie Mac,"5,982",43,"$65,665",3.40%,"$7,815.0",22.60%,"$20,23,376","$1,612"
40,LoweÕs,"2,40,000",47,"$65,017",10.10%,"$3,093.0",21.50%,"$34,408","$70,481"
41,Dell Technologies,"1,38,000",,"$64,806",18.10%,"-$1,672.0",-,"$1,18,206",-
42,MetLife,"58,000",40,"$63,476",-9.30%,$800.0,-84.90%,"$8,98,764","$57,429"
43,Aetna,"49,500",46,"$63,155",4.70%,"$2,271.0",-5.00%,"$69,146","$44,859"
44,PepsiCo,"2,64,000",44,"$62,799",-0.40%,"$6,329.0",16.10%,"$74,129","$1,59,763"
45,Archer Daniels Midland,"31,800",41,"$62,346",-7.90%,"$1,279.0",-30.80%,"$39,769","$26,274"
46,UPS,"3,35,520",48,"$60,906",4.40%,"$3,431.0",-29.20%,"$40,377","$93,276"
47,Intel,"1,06,000",51,"$59,387",7.30%,"$10,316.0",-9.70%,"$1,13,327","$1,70,539"
48,Prudential Financial,"49,739",50,"$58,779",2.90%,"$4,368.0",-22.60%,"$7,83,962","$45,912"
49,Albertsons Cos.,"2,74,000",,"$58,734",115.90%,-$502.2,-,"$23,770",-
50,United Technologies,"2,01,600",45,"$57,244",-6.20%,"$5,055.0",-33.60%,"$89,706","$89,957"
51,Marathon Petroleum,"44,460",42,"$55,858",-13.50%,"$1,174.0",-58.80%,"$44,413","$26,679"
52,Disney,"1,95,000",53,"$55,632",6.00%,"$9,391.0",12.00%,"$92,033","$1,79,298"
53,Humana,"51,600",52,"$54,379",0.20%,$614.0,-51.90%,"$25,396","$29,743"
54,Pfizer,"96,500",55,"$52,824",8.10%,"$7,215.0",3.70%,"$1,71,615","$2,03,725"
55,AIG,"56,400",49,"$52,367",-10.20%,-$849.0,-138.70%,"$4,98,264","$61,154"
56,Lockheed Martin,"97,000",60,"$50,658",9.80%,"$5,302.0",47.10%,"$47,806","$77,557"
57,Sysco,"51,900",57,"$50,367",3.50%,$949.6,38.30%,"$16,722","$28,048"
58,FedEx,"3,35,767",58,"$50,365",6.10%,"$1,820.0",73.30%,"$46,064","$52,178"
59,Hewlett Packard Enterprise,"1,95,000",,"$50,123",-,"$3,161.0",-,"$79,679","$39,288"
60,Cisco Systems,"73,700",54,"$49,247",0.20%,"$10,739.0",19.60%,"$1,21,652","$1,69,266"
61,HP,"49,000",20,"$48,238",-53.30%,"$2,496.0",-45.20%,"$29,010","$30,231"
62,Dow Chemical,"56,000",56,"$48,158",-1.30%,"$4,318.0",-43.80%,"$79,511","$77,460"
63,HCA Holdings,"2,10,500",63,"$44,747",2.70%,"$2,890.0",35.70%,"$33,758","$32,966"
64,Coca-Cola,"1,00,300",62,"$41,863",-5.50%,"$6,527.0",-11.20%,"$87,270","$1,82,153"
65,New York Life Insurance,"11,320",61,"$40,787",-11.10%,"$1,088.1",324.10%,"$2,87,196",-
66,Centene,"30,500",124,"$40,721",78.60%,$562.0,58.30%,"$20,197","$12,271"
67,American Airlines Group,"1,22,300",67,"$40,180",-2.00%,"$2,676.0",-64.80%,"$51,274","$21,326"
68,Nationwide,"34,320",69,"$40,074",-0.40%,$334.3,-42.40%,"$1,97,790",-
69,Merck,"68,000",72,"$39,807",0.80%,"$3,920.0",-11.80%,"$95,377","$1,74,454"
70,Cigna,"41,000",79,"$39,668",4.70%,"$1,867.0",-10.80%,"$59,360","$37,604"
71,Delta Air Lines,"83,756",68,"$39,639",-2.60%,"$4,373.0",-3.40%,"$51,261","$33,586"
72,Best Buy,"1,25,000",71,"$39,403",-0.90%,"$1,228.0",36.90%,"$13,856","$15,193"
73,Honeywell International,"1,31,000",75,"$39,302",1.90%,"$4,809.0",0.90%,"$54,146","$94,991"
74,Caterpillar,"95,400",59,"$38,537",-18.00%,-$67.0,-103.20%,"$74,704","$54,402"
75,Liberty Mutual Insurance Group,"50,000",73,"$38,308",-2.90%,"$1,006.0",95.70%,"$1,25,592",-
76,Morgan Stanley,"55,311",78,"$37,949",0.10%,"$5,979.0",-2.40%,"$8,14,949","$79,947"
77,Massachusetts Mutual Life Insurance,"11,737",76,"$37,788",-1.20%,"$1,273.5",-10.60%,"$2,71,040",-
78,Goldman Sachs Group,"34,400",74,"$37,712",-3.80%,"$7,398.0",21.60%,"$8,60,165","$91,380"
79,Energy Transfer Equity,"30,992",65,"$37,504",-11.00%,$995.0,-16.30%,"$79,011","$21,292"
80,TIAA,"12,997",82,"$37,105",5.50%,"$1,492.3",22.90%,"$5,23,194",-
81,Oracle,"1,36,000",77,"$37,047",-3.10%,"$8,901.0",-10.40%,"$1,12,180","$1,83,556"
82,Tyson Foods,"1,14,000",66,"$36,881",-10.90%,"$1,768.0",44.90%,"$22,373","$22,028"
83,United Continental Holdings,"88,000",80,"$36,556",-3.50%,"$2,263.0",-69.20%,"$40,140","$22,225"
84,Allstate,"43,275",81,"$36,534",2.50%,"$1,877.0",-13.50%,"$1,08,610","$29,754"
85,Publix Super Markets,"1,91,000",87,"$34,274",5.10%,"$2,025.7",3.10%,"$17,464",-
86,American Express,"56,400",85,"$33,823",-1.80%,"$5,408.0",4.70%,"$1,58,893","$71,193"
87,TJX,"2,35,000",89,"$33,184",7.20%,"$2,298.2",0.90%,"$12,884","$51,053"
88,Nike,"70,700",91,"$32,376",5.80%,"$3,760.0",14.90%,"$21,396","$92,204"
89,Exelon,"34,396",95,"$31,360",6.50%,"$1,134.0",-50.00%,"$1,14,904","$33,309"
90,General Dynamics,"98,800",88,"$31,353",-0.40%,"$2,955.0",-0.30%,"$32,872","$56,791"
91,Rite Aid,"70,580",107,"$30,737",15.90%,$165.5,-92.20%,"$11,277","$4,473"
92,Gilead Sciences,"9,000",86,"$30,390",-6.90%,"$13,501.0",-25.40%,"$56,977","$88,788"
93,CHS,"12,157",84,"$30,347",-12.20%,$424.2,-45.70%,"$17,318",-
94,3M,"91,584",93,"$30,109",-0.50%,"$5,050.0",4.50%,"$32,906","$1,14,338"
95,Time Warner,"25,000",99,"$29,318",4.30%,"$3,926.0",2.40%,"$65,966","$75,660"
96,Charter Communications,"91,500",292,"$29,003",197.30%,"$3,522.0",-,"$1,49,067","$1,00,595"
97,Northwestern Mutual,"5,646",100,"$28,799",2.40%,$818.0,0.40%,"$2,50,441",-
98,Facebook,"17,048",157,"$27,638",54.20%,"$10,217.0",177.00%,"$64,961","$4,10,522"
99,Travelers Cos.,"30,900",105,"$27,625",3.10%,"$3,014.0",-12.40%,"$1,00,245","$33,689"
100,Capital One Financial,"47,300",112,"$27,519",9.60%,"$3,751.0",-7.40%,"$3,57,033","$41,831"
101,Twenty-First Century Fox,"21,500",96,"$27,326",-5.70%,"$2,755.0",-66.80%,"$48,365","$59,949"
102,USAA,"29,943",114,"$27,131",11.40%,"$1,779.1",-21.70%,"$1,47,290",-
103,World Fuel Services,"5,000",92,"$27,016",-11.10%,$126.5,-27.50%,"$5,413","$2,535"
104,Philip Morris International,"79,500",106,"$26,685",-0.40%,"$6,967.0",1.40%,"$36,851","$1,75,349"
105,Deere,"56,767",97,"$26,644",-7.70%,"$1,523.9",-21.40%,"$57,981","$34,648"
106,Kraft Heinz,"41,000",153,"$26,487",44.40%,"$3,632.0",472.90%,"$1,20,480","$1,10,528"
107,Tech Data,"9,500",108,"$26,235",-0.50%,$195.1,-26.60%,"$7,932","$3,569"
108,Avnet,"17,700",102,"$26,219",-6.10%,$506.5,-11.40%,"$11,240","$5,898"
109,Avnet,"90,000",102,"$25,923",-12.50%,"$1,659.0",-77.20%,"$61,538","$65,676"
110,MacyÕs,"1,48,300",103,"$25,778",-4.80%,$619.0,-42.30%,"$19,851","$9,046"
111,AbbVie,"30,000",123,"$25,638",12.20%,"$5,953.0",15.70%,"$66,099","$1,03,838"
112,McDonaldÕs,"3,75,000",109,"$24,622",-3.10%,"$4,686.5",3.50%,"$31,024","$1,06,150"
113,DuPont,"46,000",101,"$24,594",-12.00%,"$2,513.0",28.70%,"$39,964","$69,451"
114,Northrop Grumman,"67,000",118,"$24,508",4.20%,"$2,200.0",10.60%,"$25,614","$41,577"
115,ConocoPhillips,"13,300",90,"$24,360",-21.30%,"-$3,615.0",-,"$89,772","$61,692"
116,Raytheon,"63,000",120,"$24,069",3.50%,"$2,211.0",6.60%,"$30,052","$44,664"
117,Tesoro,"6,308",98,"$24,005",-14.70%,$734.0,-52.30%,"$20,398","$9,515"
118,Arrow Electronics,"18,700",119,"$23,825",2.30%,$522.8,5.00%,"$14,206","$6,546"
119,Qualcomm,"30,500",110,"$23,554",-6.80%,"$5,705.0",8.20%,"$52,359","$84,694"
120,Progressive,"31,721",137,"$23,441",12.40%,"$1,031.0",-18.70%,"$33,428","$22,760"
121,Duke Energy,"28,798",115,"$23,369",-1.00%,"$2,152.0",-23.60%,"$1,32,761","$57,397"
122,Enterprise Products Partners,"6,800",104,"$23,022",-14.80%,"$2,513.1",-0.30%,"$52,194","$58,522"
123,Amgen,"19,200",130,"$22,991",6.10%,"$7,722.0",11.30%,"$77,626","$1,20,830"
124,US Foods Holding,"25,000",122,"$22,919",-0.90%,$209.8,25.20%,"$8,945","$6,207"
125,U.S. Bancorp,"71,191",131,"$22,744",5.80%,"$5,888.0",0.20%,"$4,45,964","$87,201"
126,Aflac,"10,212",135,"$22,559",8.10%,"$2,659.0",5.00%,"$1,29,819","$29,053"
127,Sears Holdings,"1,40,000",111,"$22,138",-12.00%,"-$2,221.0",-,"$9,362","$1,231"
128,Dollar General,"1,21,000",139,"$21,987",7.90%,"$1,251.1",7.40%,"$11,672","$19,182"
129,AutoNation,"26,000",136,"$21,609",3.60%,$430.5,-2.70%,"$10,060","$4,268"
130,Community Health Systems,"1,08,000",125,"$21,374",-5.80%,"-$1,721.0",-,"$21,944","$1,010"
131,Starbucks,"2,54,000",146,"$21,316",11.20%,"$2,817.7",2.20%,"$14,330","$85,092"
132,Eli Lilly,"41,975",141,"$21,222",6.30%,"$2,737.6",13.70%,"$38,806","$92,803"
133,International Paper,"55,000",127,"$21,079",-5.80%,$904.0,-3.60%,"$33,345","$20,884"
134,Tenet Healthcare,"1,16,475",140,"$21,070",4.80%,-$192.0,-,"$24,701","$1,777"
135,Abbott Laboratories,"75,000",138,"$20,853",0.90%,"$1,400.0",-68.30%,"$52,666","$76,740"
136,Dollar Tree,"1,16,050",180,"$20,719",33.70%,$896.2,217.40%,"$15,702","$18,540"
137,Whirlpool,"93,000",134,"$20,718",-0.80%,$888.0,13.40%,"$19,153","$12,762"
138,Southwest Airlines,"53,536",142,"$20,425",3.10%,"$2,244.0",2.90%,"$23,286","$33,076"
139,Emerson Electric,"1,03,500",128,"$20,268",-9.10%,"$1,635.0",-39.70%,"$21,743","$38,614"
140,Staples,"61,503",132,"$20,217",-4.00%,"-$1,497.0",-494.80%,"$8,271","$5,723"
141,Plains GP Holdings,"5,100",121,"$20,182",-12.80%,$94.0,-20.30%,"$26,103","$9,127"
142,Penske Automotive Group,"24,000",143,"$20,143",4.00%,$342.9,5.20%,"$8,861","$4,001"
143,Union Pacific,"42,919",129,"$19,941",-8.60%,"$4,233.0",-11.30%,"$55,718","$85,911"
144,Danaher,"62,000",133,"$19,912",-4.80%,"$2,553.7",-23.90%,"$45,295","$59,359"
145,Southern,"32,015",162,"$19,896",13.80%,"$2,448.0",3.40%,"$1,09,697","$49,335"
146,ManpowerGroup,"28,000",144,"$19,654",1.70%,$443.7,5.80%,"$7,574","$6,938"
147,Bristol-Myers Squibb,"25,000",168,"$19,427",17.30%,"$4,457.0",184.80%,"$33,707","$89,591"
148,Altria Group,"8,300",149,"$19,337",2.60%,"$14,239.0",171.70%,"$45,932","$1,38,513"
149,Fluor,"61,551",155,"$19,037",5.10%,$281.4,-31.80%,"$9,216","$7,353"
150,KohlÕs,"85,000",145,"$18,686",-2.70%,$556.0,-17.40%,"$13,574","$6,862"
151,Lear,"1,48,400",154,"$18,558",1.90%,$975.1,30.80%,"$9,901","$9,726"
152,Jabil Circuit,"1,38,000",158,"$18,353",2.50%,$254.1,-10.50%,"$10,323","$5,270"
153,Hartford Financial Services Group,"16,900",152,"$18,300",-0.40%,$896.0,-46.70%,"$2,23,432","$17,795"
154,Thermo Fisher Scientific,"54,800",164,"$18,274",7.70%,"$2,021.8",2.30%,"$45,908","$59,964"
155,Kimberly-Clark,"42,000",151,"$18,202",-2.10%,"$2,166.0",113.80%,"$14,602","$46,828"
156,Molina Healthcare,"21,000",201,"$17,782",25.40%,$52.0,-63.60%,"$7,449","$2,601"
157,PG&E Corp.,"24,000",166,"$17,666",4.90%,"$1,393.0",59.40%,"$68,598","$33,696"
158,Supervalu,"38,000",160,"$17,529",-1.60%,$178.0,-7.30%,"$4,370","$1,033"
159,Cummins,"55,400",148,"$17,509",-8.40%,"$1,394.0",-0.40%,"$15,011","$25,397"
160,CenturyLink,"40,000",159,"$17,470",-2.40%,$626.0,-28.70%,"$47,017","$12,883"
161,AECOM,"87,000",156,"$17,411",-3.20%,$96.1,-,"$13,727","$5,528"
162,Xerox,"1,33,600",150,"$17,126",-8.20%,-$477.0,-200.60%,"$18,145","$7,462"
163,Marriott International,"2,26,500",195,"$17,072",17.90%,$780.0,-9.20%,"$24,140","$36,124"
164,Paccar,"23,000",147,"$17,033",-10.90%,$521.7,-67.50%,"$20,639","$23,604"
165,General Mills,"39,000",161,"$16,563",-6.10%,"$1,697.4",39.00%,"$21,712","$33,998"
166,PNC Financial Services Group,"50,683",171,"$16,423",0.90%,"$3,903.0",-4.90%,"$3,66,380","$58,455"
167,American Electric Power,"17,634",165,"$16,380",-3.10%,$610.9,-70.20%,"$63,468","$33,009"
168,Icahn Enterprises,"90,980",184,"$16,348",7.00%,"-$1,128.0",-,"$33,335","$7,989"
169,Nucor,"23,900",170,"$16,208",-1.40%,$796.3,122.60%,"$15,224","$19,051"
170,NextEra Energy,"14,700",163,"$16,155",-7.60%,"$2,912.0",5.80%,"$89,993","$60,099"
171,Performance Food Group,"13,000",185,"$16,105",5.50%,$68.3,20.90%,"$3,455","$2,464"
172,PBF Energy,"3,165",217,"$15,920",21.30%,$170.8,16.70%,"$7,622","$2,431"
173,Halliburton,"50,000",117,"$15,887",-32.80%,"-$5,763.0",-,"$27,000","$42,662"
174,CarMax,"22,429",191,"$15,833",6.40%,$623.4,4.40%,"$14,482","$11,081"
175,Freeport-McMoRan,"30,000",175,"$15,789",-0.60%,"-$4,154.0",-,"$37,317","$19,310"
176,Whole Foods Market,"73,515",181,"$15,724",2.20%,$507.0,-5.40%,"$6,341","$9,468"
177,Bank of New York Mellon Corp.,"52,000",179,"$15,683",1.00%,"$3,547.0",12.30%,"$3,33,469","$48,913"
178,Gap,"1,35,000",177,"$15,516",-1.80%,$676.0,-26.50%,"$7,610","$9,712"
179,Omnicom Group,"78,500",186,"$15,417",1.90%,"$1,148.6",5.00%,"$23,165","$20,219"
180,Genuine Parts,"40,000",183,"$15,340",0.40%,$687.2,-2.60%,"$8,859","$13,712"
181,DaVita HealthCare Partners,"70,300",200,"$15,197",6.90%,$879.9,226.20%,"$18,741","$13,227"
182,Colgate-Palmolive,"36,700",174,"$15,195",-5.20%,"$2,441.0",76.40%,"$12,123","$64,715"
183,PPG Industries,"47,000",182,"$15,178",-1.00%,$877.0,-37.60%,"$15,769","$26,970"
184,Goodyear Tire & Rubber,"66,000",169,"$15,158",-7.80%,"$1,264.0",311.70%,"$16,511","$9,070"
185,Synchrony Financial,"15,000",,"$15,122",11.00%,"$2,251.0",1.70%,"$90,207","$27,810"
186,DISH Network,"16,000",187,"$15,095",0.20%,"$1,449.9",94.10%,"$28,092","$29,547"
187,Visa,"14,200",204,"$15,082",8.70%,"$5,991.0",-5.30%,"$64,035","$2,06,242"
188,Nordstrom,"72,500",197,"$14,757",2.20%,$354.0,-41.00%,"$7,858","$7,770"
189,INTL FCStone,"1,464",83,"$14,755",-57.50%,$54.7,-1.80%,"$5,951",$708
190,WestRock,"39,000",251,"$14,706",29.20%,-$396.3,-178.20%,"$23,038","$13,029"
191,XPO Logistics,"87,000",353,"$14,619",91.80%,$69.0,-,"$11,698","$5,338"
192,Aramark,"2,17,250",199,"$14,416",0.60%,$287.8,22.00%,"$10,582","$9,081"
193,CBS,"18,410",203,"$14,386",3.60%,"$1,261.0",-10.80%,"$24,238","$28,405"
194,AES,"19,000",190,"$14,287",-4.50%,"-$1,130.0",-469.30%,"$36,119","$7,371"
195,WellCare Health Plans,"7,400",202,"$14,237",2.50%,$242.1,104.10%,"$6,153","$6,212"
196,FirstEnergy,"15,707",188,"$14,156",-3.10%,"-$6,177.0",-,"$43,148","$14,118"
197,ConAgra Foods,"20,900",176,"$14,134",-10.80%,-$677.0,-,"$13,391","$17,557"
198,Synnex,"1,10,000",212,"$14,062",5.40%,$234.9,12.70%,"$5,223","$4,469"
199,CDW,"8,516",220,"$13,982",7.60%,$424.4,5.30%,"$6,948","$9,197"
200,Textron,"36,000",209,"$13,788",2.70%,$962.0,38.00%,"$15,358","$12,851"
201,Waste Management,"41,200",221,"$13,609",5.00%,"$1,182.0",57.00%,"$20,859","$32,216"
202,Illinois Tool Works,"50,000",211,"$13,599",1.40%,"$2,035.0",7.20%,"$15,201","$45,791"
203,Office Depot,"38,000",196,"$13,585",-6.20%,$529.0,-,"$5,540","$2,402"
204,Monsanto,"22,450",189,"$13,502",-10.00%,"$1,336.0",-42.30%,"$19,736","$49,644"
205,Cognizant Technology Solutions,"2,60,200",230,"$13,487",8.60%,"$1,553.0",-4.30%,"$14,262","$36,226"
206,Texas Instruments,"29,865",219,"$13,370",2.80%,"$3,595.0",20.40%,"$16,431","$80,531"
207,Lincoln National,"9,057",205,"$13,330",-1.80%,"$1,192.0",3.30%,"$2,61,627","$14,760"
208,Newell Brands,"53,400",434,"$13,264",122.10%,$527.8,50.80%,"$33,838","$22,787"
209,Land OÕLakes,"10,000",215,"$13,233",0.60%,$244.9,-20.40%,"$8,305",-
210,Marsh & McLennan,"60,000",222,"$13,211",2.50%,"$1,768.0",10.60%,"$18,190","$38,078"
211,Ecolab,"47,565",206,"$13,153",-2.90%,"$1,229.6",22.70%,"$18,330","$36,356"
212,C.H. Robinson Worldwide,"14,125",208,"$13,144",-2.50%,$513.4,0.70%,"$3,688","$10,958"
213,Loews,"15,800",210,"$13,105",-2.30%,$654.0,151.50%,"$76,594","$15,747"
214,CBRE Group,"75,000",259,"$13,072",20.40%,$572.0,4.50%,"$10,780","$11,753"
215,Kinder Morgan,"11,121",198,"$13,058",-9.30%,$708.0,179.80%,"$80,305","$48,533"
216,Kellogg,"37,369",207,"$13,014",-3.80%,$694.0,13.00%,"$15,111","$25,417"
217,Western Digital,"72,878",194,"$12,994",-10.80%,$242.0,-83.50%,"$32,862","$23,775"
218,Guardian Life Ins. Co. of America,"8,876",226,"$12,919",2.30%,$263.9,-35.70%,"$70,339",-
219,Ross Stores,"78,600",237,"$12,867",7.80%,"$1,117.7",9.50%,"$5,309","$25,814"
220,L Brands,"59,100",234,"$12,574",3.50%,"$1,158.1",-7.60%,"$8,170","$13,426"
221,J.C. Penney,"1,06,000",228,"$12,547",-0.60%,$1.0,-,"$9,314","$1,901"
222,Farmers Insurance Exchange,"13,309",227,"$12,513",-0.90%,-$147.9,-,"$16,057",-
223,Reynolds American,"5,525",266,"$12,503",17.10%,"$6,073.0",86.70%,"$51,095","$89,862"
224,Viacom,"9,650",213,"$12,488",-5.90%,"$1,438.0",-25.20%,"$22,508","$18,503"
225,Becton Dickinson,"50,928",278,"$12,483",21.40%,$976.0,40.40%,"$25,586","$39,041"
226,Micron Technology,"31,400",173,"$12,399",-23.40%,-$276.0,-109.50%,"$27,540","$31,972"
227,Principal Financial,"14,854",236,"$12,394",3.60%,"$1,316.5",6.70%,"$2,28,014","$18,143"
228,Alcoa,"41,500",126,"$12,394",-45.00%,-$941.0,-,"$20,038","$11,604"
229,NRG Energy,"8,763",193,"$12,351",-15.80%,-$774.0,-,"$30,355","$5,911"
230,VF,"69,000",231,"$12,207",-1.40%,"$1,074.1",-12.80%,"$9,739","$22,786"
231,Devon Energy,"3,545",216,"$12,197",-7.20%,"-$3,302.0",-,"$25,913","$21,886"
232,D.R. Horton,"6,976",260,"$12,157",12.30%,$886.3,18.10%,"$11,559","$12,438"
233,Bed Bath & Beyond,"62,000",238,"$12,104",1.90%,$841.5,-12.10%,"$6,499","$5,931"
234,Consolidated Edison,"14,960",229,"$12,075",-3.80%,"$1,245.0",4.40%,"$48,255","$23,708"
235,Edison International,"12,390",246,"$11,869",3.00%,"$1,311.0",28.50%,"$51,319","$25,938"
236,Sherwin-Williams,"42,550",253,"$11,856",4.60%,"$1,132.7",7.50%,"$6,753","$28,891"
237,NGL Energy Partners,"3,200",167,"$11,742",-30.10%,-$198.9,-633.20%,"$5,560","$2,686"
238,Dominion Resources,"16,200",243,"$11,737",0.50%,"$2,123.0",11.80%,"$71,610","$48,732"
239,Ameriprise Financial,"13,195",232,"$11,735",-3.80%,"$1,314.0",-15.90%,"$1,39,821","$19,953"
240,ADP,"57,000",248,"$11,668",1.70%,"$1,492.5",2.80%,"$43,670","$45,963"
241,Hilton Worldwide Holdings,"1,69,000",254,"$11,663",3.50%,$348.0,-75.20%,"$26,211","$19,276"
242,First Data,"24,000",249,"$11,584",1.20%,$420.0,-,"$40,292","$14,224"
243,Henry Schein,"21,000",268,"$11,572",8.90%,$506.8,5.80%,"$6,730","$13,461"
244,Toys ÒRÓ Us,"64,000",240,"$11,540",-2.20%,-$36.0,-,"$6,908",-
245,BB&T Corp.,"37,500",273,"$11,538",11.50%,"$2,426.0",16.40%,"$2,19,276","$36,141"
246,Reinsurance Group of America,"2,371",271,"$11,522",10.60%,$701.4,39.70%,"$53,098","$8,169"
247,Core-Mark Holding,"7,688",317,"$11,507",29.90%,$54.2,5.20%,"$1,497","$1,445"
248,Biogen,"7,400",263,"$11,449",6.40%,"$3,702.8",4.40%,"$22,877","$59,046"
249,Las Vegas Sands,"49,000",241,"$11,410",-2.40%,"$1,670.0",-15.10%,"$20,469","$45,313"
250,Stanley Black & Decker,"54,023",256,"$11,407",1.70%,$965.3,9.20%,"$15,635","$20,280"
251,Parker-Hannifin,"48,950",224,"$11,361",-10.60%,$806.8,-20.30%,"$12,057","$21,370"
252,Stryker,"33,000",287,"$11,325",13.90%,"$1,647.0",14.50%,"$20,435","$49,115"
253,Estee Lauder,"46,000",261,"$11,262",4.50%,"$1,114.6",2.40%,"$9,223","$31,068"
254,Celgene,"7,132",305,"$11,229",21.30%,"$1,999.2",24.80%,"$28,086","$96,802"
255,BlackRock,"13,000",250,"$11,155",-2.20%,"$3,172.0",-5.20%,"$2,20,177","$62,225"
256,Xcel Energy,"11,476",257,"$11,107",0.70%,"$1,123.4",14.10%,"$41,155","$22,546"
257,CSX,"26,628",239,"$11,069",-6.30%,"$1,714.0",-12.90%,"$35,414","$43,126"
258,Unum Group,"9,400",265,"$11,047",2.90%,$931.4,7.40%,"$61,942","$10,749"
259,Jacobs Engineering Group,"49,350",235,"$10,964",-9.50%,$210.5,-30.50%,"$7,360","$6,693"
260,Lennar,"8,335",301,"$10,950",15.60%,$911.8,13.60%,"$15,362","$12,002"
261,Group 1 Automotive,"13,500",267,"$10,888",2.40%,$147.1,56.50%,"$4,462","$1,584"
262,Leucadia National,"13,000",242,"$10,875",-6.90%,$130.0,-54.20%,"$45,071","$9,355"
263,Entergy,"13,513",247,"$10,846",-5.80%,-$583.6,-,"$45,904","$13,685"
264,PayPal Holdings,"18,100",307,"$10,842",17.20%,"$1,401.0",14.10%,"$33,103","$51,650"
265,Applied Materials,"16,150",295,"$10,825",12.10%,"$1,721.0",25.00%,"$14,588","$42,005"
266,Voya Financial,"6,700",252,"$10,782",-4.90%,-$428.0,-204.80%,"$2,14,235","$7,191"
267,MasterCard,"11,900",294,"$10,776",11.50%,"$4,059.0",6.60%,"$18,675","$1,21,234"
268,Priceline Group,"18,500",308,"$10,743",16.50%,"$2,135.0",-16.30%,"$19,839","$87,522"
269,Liberty Interactive,"21,080",284,"$10,647",6.60%,"$1,235.0",42.10%,"$20,355","$9,101"
270,AutoZone,"66,780",280,"$10,636",4.40%,"$1,241.0",7.00%,"$8,600","$20,540"
271,State Street Corp.,"33,783",264,"$10,635",-1.20%,"$2,143.0",8.20%,"$2,42,698","$30,406"
272,DTE Energy,"10,000",274,"$10,630",2.80%,$868.0,19.40%,"$32,041","$18,317"
273,L-3 Communications,"38,000",245,"$10,597",-8.30%,$710.0,-,"$11,865","$12,859"
274,HollyFrontier,"2,676",214,"$10,536",-20.40%,-$260.5,-135.20%,"$9,436","$5,048"
275,Praxair,"26,498",262,"$10,534",-2.20%,"$1,500.0",-3.00%,"$19,332","$33,834"
276,Universal Health Services,"70,863",290,"$10,508",7.40%,$702.4,3.20%,"$10,318","$12,022"
277,Discover Financial Services,"15,549",283,"$10,497",4.90%,"$2,393.0",4.20%,"$92,308","$26,255"
278,Occidental Petroleum,"11,000",225,"$10,398",-18.10%,-$574.0,-,"$43,109","$48,444"
279,United States Steel,"29,800",244,"$10,261",-11.30%,-$440.0,-,"$9,160","$5,893"
280,Sempra Energy,"16,575",279,"$10,183",-0.50%,"$1,370.0",1.60%,"$47,786","$27,692"
281,Baxter International,"48,000",286,"$10,163",2.00%,"$4,965.0",412.90%,"$15,546","$28,106"
282,W.W. Grainger,"25,000",285,"$10,137",1.60%,$605.9,-21.20%,"$5,694","$13,668"
283,Autoliv,"65,900",310,"$10,074",9.90%,$567.1,24.10%,"$8,234","$9,032"
284,Norfolk Southern,"27,856",270,"$9,888",-5.90%,"$1,668.0",7.20%,"$34,892","$32,515"
285,Baker Hughes,"33,000",178,"$9,841",-37.50%,"-$2,738.0",-,"$19,034","$25,444"
286,Ally Financial,"7,600",298,"$9,835",3.10%,"$1,067.0",-17.20%,"$1,63,728","$9,437"
287,Sonic Automotive,"9,800",297,"$9,732",1.10%,$93.2,8.00%,"$3,639",$900
288,Owens & Minor,"7,900",291,"$9,723",-0.50%,$108.8,5.20%,"$2,718","$2,114"
289,Huntsman,"15,000",277,"$9,657",-6.20%,$326.0,250.50%,"$9,189","$5,880"
290,Laboratory Corp. of America,"52,000",325,"$9,642",11.10%,$732.1,67.60%,"$14,247","$14,696"
291,Murphy USA,"6,600",258,"$9,633",-11.50%,$221.5,25.60%,"$2,089","$2,706"
292,Advance Auto Parts,"57,500",293,"$9,568",-1.70%,$459.6,-2.90%,"$8,315","$10,944"
293,Fidelity National Financial,"55,219",311,"$9,554",4.60%,$650.0,23.30%,"$14,463","$10,600"
294,Air Products & Chemicals,"18,450",288,"$9,524",-3.70%,$631.1,-50.60%,"$18,055","$29,438"
295,Hormel Foods,"21,100",304,"$9,523",2.80%,$890.1,29.70%,"$6,370","$18,316"
296,Hertz Global Holdings,"36,000",269,"$9,480",-10.00%,-$491.0,-279.90%,"$19,155","$1,456"
297,MGM Resorts International,"66,500",309,"$9,455",2.90%,"$1,101.4",-,"$28,173","$15,733"
298,Corning,"40,700",313,"$9,390",3.10%,"$3,695.0",176.00%,"$27,899","$25,030"
299,Republic Services,"33,000",312,"$9,388",3.00%,$612.6,-18.30%,"$20,630","$21,312"
300,Alcoa,"14,000",,"$9,318",-,-$400.0,-,"$16,741","$6,337"
301,Fidelity National Information Services,"55,000",392,"$9,241",40.10%,$568.0,-10.10%,"$26,031","$26,178"
302,Pacific Life,"3,628",326,"$9,169",6.10%,$824.0,24.70%,"$1,43,298",-
303,SunTrust Banks,"24,375",329,"$9,161",7.40%,"$1,878.0",-2.80%,"$2,04,875","$27,175"
304,LKQ,"42,500",369,"$9,082",26.30%,$464.0,9.60%,"$8,303","$9,021"
305,BorgWarner,"27,000",339,"$9,071",13.10%,$118.5,-80.60%,"$8,835","$8,895"
306,Ball,"18,450",341,"$9,061",13.30%,$263.0,-6.40%,"$16,173","$13,000"
307,CST Brands,"12,380",299,"$9,061",-4.60%,$324.0,117.40%,"$4,360","$3,645"
308,Public Service Enterprise Group,"13,065",272,"$9,061",-13.00%,$887.0,-47.20%,"$40,070","$22,451"
309,Eastman Chemical,"14,000",296,"$9,008",-6.60%,$854.0,0.70%,"$15,457","$11,783"
310,eBay,"12,600",300,"$8,979",-5.40%,"$7,266.0",321.20%,"$23,847","$36,232"
311,Mohawk Industries,"37,800",338,"$8,959",11.00%,$930.4,51.20%,"$10,231","$17,025"
312,Oneok,"2,384",348,"$8,921",14.90%,$352.0,43.70%,"$16,139","$11,684"
313,Frontier Communications,"28,332",461,"$8,896",59.50%,-$373.0,-,"$29,013","$2,521"
314,Netflix,"3,850",379,"$8,831",30.30%,$186.7,52.20%,"$13,587","$63,619"
315,American Family Insurance Group,"10,471",332,"$8,829",6.60%,$325.6,-53.10%,"$22,662",-
316,Thrivent Financial for Lutherans,"3,282",318,"$8,777",-0.10%,$587.8,-23.60%,"$88,561",-
317,Expedia,"20,075",385,"$8,774",31.50%,$281.8,-63.10%,"$15,778","$18,901"
318,Lithia Motors,"11,170",346,"$8,678",10.30%,$197.1,7.70%,"$3,844","$2,156"
319,Avis Budget Group,"25,600",330,"$8,659",1.80%,$163.0,-47.90%,"$17,643","$2,528"
320,Reliance Steel & Aluminum,"14,500",303,"$8,613",-7.90%,$304.3,-2.30%,"$7,411","$5,830"
321,GameStop,"41,750",302,"$8,608",-8.10%,$353.2,-12.30%,"$4,976","$2,282"
322,Tenneco,"31,000",334,"$8,599",4.80%,$363.0,47.00%,"$4,342","$3,390"
323,OÕReilly Automotive,"58,397",342,"$8,593",7.90%,"$1,037.7",11.40%,"$7,204","$24,730"
324,Peter Kiewit SonsÕ,"20,000",314,"$8,573",-4.70%,$396.0,57.80%,"$6,179",-
325,United Natural Foods,"9,554",335,"$8,470",3.50%,$125.8,-9.30%,"$2,852","$2,187"
326,salesforce.com,"25,000",386,"$8,392",25.90%,$179.6,-,"$17,585","$58,362"
327,Boston Scientific,"27,000",359,"$8,386",12.20%,$347.0,-,"$18,096","$34,046"
328,Newmont Mining,"12,438",349,"$8,379",8.40%,-$627.0,-385.00%,"$21,031","$17,518"
329,Genworth Financial,"3,400",306,"$8,369",-9.50%,-$277.0,-,"$1,04,658","$2,056"
330,Live Nation Entertainment,"11,500",366,"$8,355",15.30%,$2.9,-,"$6,764","$6,219"
331,Veritiv,"8,700",323,"$8,327",-4.50%,$21.0,-21.30%,"$2,484",$813
332,News Corp.,"24,000",327,"$8,319",-3.60%,$179.0,-,"$15,483","$7,559"
333,Crown Holdings,"23,992",321,"$8,284",-5.50%,$496.0,26.20%,"$9,599","$7,367"
334,Global Partners,"1,770",276,"$8,240",-20.10%,-$199.4,-557.80%,"$2,564",$663
335,PVH,"26,650",340,"$8,203",2.30%,$549.0,-4.10%,"$11,068","$8,092"
336,Level 3 Communications,"12,600",333,"$8,172",-0.70%,$677.0,-80.30%,"$24,888","$20,638"
337,Navistar International,"11,300",281,"$8,111",-20.00%,-$97.0,-,"$5,653","$2,416"
338,Univar,"8,700",315,"$8,074",-10.10%,-$68.4,-514.50%,"$5,390","$4,293"
339,Campbell Soup,"16,500",337,"$7,961",-1.50%,$563.0,-18.50%,"$7,837","$17,423"
340,DickÕs Sporting Goods,"27,550",365,"$7,922",9.00%,$287.4,-13.00%,"$4,058","$5,489"
341,Weyerhaeuser,"10,400",373,"$7,902",11.60%,"$1,027.0",103.00%,"$19,243","$25,451"
342,Mutual of Omaha Insurance,"5,732",367,"$7,899",9.20%,$356.6,7.10%,"$38,465",-
343,Chesapeake Energy,"3,300",223,"$7,872",-38.30%,"-$4,401.0",-,"$13,028","$5,394"
344,Anadarko Petroleum,"4,500",324,"$7,869",-9.50%,"-$3,071.0",-,"$45,564","$34,640"
345,Interpublic Group,"49,800",355,"$7,847",3.10%,$608.5,33.90%,"$12,485","$9,648"
346,J.M. Smucker,"6,910",452,"$7,811",37.20%,$688.7,99.70%,"$15,984","$15,263"
347,Steel Dynamics,"7,695",356,"$7,777",2.40%,$382.1,-,"$6,424","$8,425"
348,Foot Locker,"32,965",361,"$7,766",4.80%,$664.0,22.70%,"$3,840","$9,818"
349,Western Refining,"7,134",289,"$7,743",-20.90%,$124.9,-69.30%,"$5,560","$3,812"
350,SpartanNash,"11,500",351,"$7,735",1.10%,$56.8,-9.40%,"$1,930","$1,313"
351,Dean Foods,"17,000",336,"$7,710",-5.10%,$119.9,-,"$2,606","$1,786"
352,Zimmer Biomet Holdings,"18,500",431,"$7,684",28.10%,$305.9,108.10%,"$26,684","$24,571"
353,PulteGroup,"4,623",433,"$7,669",28.20%,$602.7,22.00%,"$10,178","$7,466"
354,W.R. Berkley,"7,608",368,"$7,654",6.20%,$601.9,19.50%,"$23,365","$8,561"
355,Quanta Services,"28,100",352,"$7,651",0.20%,$198.4,-36.20%,"$5,354","$5,386"
356,EOG Resources,"2,650",322,"$7,651",-12.60%,"-$1,096.7",-,"$29,459","$56,302"
357,Charles Schwab,"16,200",401,"$7,644",17.60%,"$1,889.0",30.50%,"$2,23,383","$54,555"
358,Eversource Energy,"7,762",343,"$7,639",-4.00%,$942.3,7.30%,"$32,053","$18,627"
359,Anixter International,"8,900",391,"$7,625",15.60%,$120.5,-5.60%,"$4,094","$2,626"
360,EMCOR Group,"31,000",381,"$7,552",12.30%,$181.9,5.60%,"$3,894","$3,756"
361,Assurant,"14,700",275,"$7,532",-27.10%,$565.4,299.40%,"$29,709","$5,298"
362,CenterPoint Energy,"7,727",363,"$7,528",1.90%,$432.0,-,"$21,829","$11,882"
363,Harris,"21,000",505,"$7,527",48.10%,$324.0,-3.00%,"$11,996","$13,849"
364,HD Supply Holdings,"14,000",320,"$7,524",-14.30%,$196.0,-86.70%,"$5,707","$8,296"
365,PPL,"12,689",350,"$7,517",-2.00%,"$1,902.0",178.90%,"$38,315","$25,448"
366,Quest Diagnostics,"43,000",358,"$7,515",0.30%,$645.0,-9.00%,"$10,100","$13,501"
367,Williams,"5,604",364,"$7,499",1.90%,-$424.0,-,"$46,835","$24,436"
368,WEC Energy Group,"8,074",437,"$7,472",26.10%,$939.0,47.10%,"$30,123","$19,134"
369,Hershey,"17,140",362,"$7,440",0.70%,$720.0,40.40%,"$5,524","$23,236"
370,AGCO,"19,795",360,"$7,411",-0.80%,$160.1,-39.90%,"$7,168","$4,783"
371,Ralph Lauren,"20,500",354,"$7,405",-2.80%,$396.0,-43.60%,"$6,213","$6,710"
372,Masco,"26,000",345,"$7,357",-6.90%,$491.0,38.30%,"$5,137","$10,888"
373,WESCO International,"9,000",357,"$7,336",-2.40%,$101.6,-51.80%,"$4,491","$3,389"
374,LifePoint Health,"47,000",430,"$7,274",20.90%,$121.9,-33.00%,"$6,319","$2,616"
375,National Oilwell Varco,"36,384",192,"$7,251",-50.90%,"-$2,412.0",-,"$21,140","$15,183"
376,Kindred Healthcare,"76,650",372,"$7,227",1.80%,-$664.2,-,"$6,113",$711
377,Mosaic,"8,700",316,"$7,163",-19.50%,$297.8,-70.20%,"$16,841","$10,242"
378,Alliance Data Systems,"17,000",404,"$7,138",10.80%,$515.8,-13.50%,"$25,514","$13,925"
379,Computer Sciences,"59,000",233,"$7,106",-41.70%,$251.0,-,"$7,736","$9,746"
380,Huntington Ingalls Industries,"37,000",378,"$7,068",0.70%,$573.0,41.80%,"$6,352","$9,265"
381,Leidos Holdings,"32,000",504,"$7,043",38.50%,$244.0,-3.90%,"$9,132","$7,696"
382,Erie Insurance Group,"4,988",411,"$7,016",5.70%,$741.9,10.70%,"$18,417",-
383,Tesla,"30,025",588,"$7,000",73.00%,-$674.9,-,"$22,664","$45,390"
384,Ascena Retail Group,"41,000",523,"$6,995",45.60%,-$11.9,-,"$5,506",$830
385,Darden Restaurants,"1,50,942",371,"$6,934",-3.20%,$375.0,-47.10%,"$4,583","$10,389"
386,Harman International Industries,"26,000",419,"$6,912",12.30%,$361.7,5.60%,"$6,054",-
387,Nvidia,"10,299",508,"$6,910",37.90%,"$1,666.0",171.30%,"$9,841","$64,160"
388,R.R. Donnelley & Sons,"44,360",255,"$6,896",-38.70%,-$495.9,-428.20%,"$4,285",$846
389,Fifth Third Bancorp,"17,844",376,"$6,889",-2.00%,"$1,564.0",-8.60%,"$1,42,177","$19,066"
390,Quintiles Transnational Holdings,"50,000",447,"$6,878",19.90%,$115.0,-70.30%,"$21,208","$18,999"
391,Jones Lang LaSalle,"77,300",436,"$6,804",14.00%,$318.2,-27.50%,"$7,629","$5,043"
392,Dover,"29,000",377,"$6,794",-3.30%,$508.9,-41.50%,"$10,116","$12,502"
393,Spirit AeroSystems Holdings,"14,400",389,"$6,793",2.20%,$469.7,-40.40%,"$5,405","$6,900"
394,Ryder System,"34,500",395,"$6,787",3.30%,$262.5,-13.90%,"$10,903","$3,992"
395,A-Mark Precious Metals,"83,000",426,"$6,784",11.80%,$9.3,31.50%,$437,$120
396,Tractor Supply,"19,500",415,"$6,780",8.90%,$437.1,6.50%,"$2,675","$8,960"
397,Sealed Air,"23,000",375,"$6,778",-3.60%,$486.4,45.00%,"$7,389","$8,432"
398,Auto-Owners Insurance,"4,737",398,"$6,775",4.00%,$706.3,-13.40%,"$21,571",-
399,Yum China Holdings,"4,20,000",,"$6,752",-,$502.0,-,"$3,727","$10,453"
400,Calpine,"2,372",402,"$6,716",3.80%,$92.0,-60.90%,"$19,317","$3,989"
401,Owens-Illinois,"27,000",418,"$6,702",8.90%,$209.0,54.80%,"$9,135","$3,316"
402,Targa Resources,"1,970",387,"$6,691",0.50%,-$187.3,-421.30%,"$12,871","$11,743"
403,JetBlue Airways,"15,986",405,"$6,632",3.40%,$759.0,12.10%,"$9,487","$6,875"
404,Jones Financial,"43,000",382,"$6,632",-0.90%,$746.0,-11.00%,"$19,424",-
405,Franklin Resources,"9,059",344,"$6,618",-16.70%,"$1,726.7",-15.20%,"$16,099","$23,823"
406,Activision Blizzard,"9,500",532,"$6,608",41.70%,$966.0,8.30%,"$17,452","$37,487"
407,J.B. Hunt Transport Services,"22,190",416,"$6,556",5.90%,$432.1,1.10%,"$3,829","$10,212"
408,Constellation Brands,"9,000",429,"$6,548",8.60%,"$1,054.9",25.70%,"$16,965","$31,775"
409,NCR,"33,500",409,"$6,543",2.70%,$270.0,-,"$7,673","$5,620"
410,Asbury Automotive Group,"7,900",393,"$6,528",-0.90%,$167.2,-1.20%,"$2,336","$1,271"
411,American Financial Group,"7,600",421,"$6,498",5.70%,$649.0,84.40%,"$55,072","$8,303"
412,Discovery Communications,"7,000",406,"$6,497",1.60%,"$1,194.0",15.50%,"$15,758","$11,306"
413,Berry Global Group,"21,000",518,"$6,489",32.90%,$236.0,174.40%,"$7,653","$6,256"
414,Sanmina,"40,178",408,"$6,481",1.70%,$187.8,-50.20%,"$3,625","$3,016"
415,CalAtlantic Group,"3,055",640,"$6,477",83.00%,$484.7,127.00%,"$8,709","$4,291"
416,Dr Pepper Snapple Group,"20,000",413,"$6,440",2.50%,$847.0,10.90%,"$9,791","$17,997"
417,DillardÕs,"30,800",380,"$6,418",-5.00%,$169.2,-37.20%,"$3,888","$1,645"
418,HRG Group,"16,021",441,"$6,403",10.10%,-$198.8,-,"$35,793","$3,869"
419,CMS Energy,"7,750",403,"$6,399",-0.90%,$551.0,5.40%,"$21,622","$12,528"
420,Graybar Electric,"8,500",423,"$6,385",4.50%,$93.1,2.20%,"$2,099",-
421,Builders FirstSource,"14,000",637,"$6,367",78.60%,$144.3,-,"$2,910","$1,669"
422,Yum Brands,"90,000",218,"$6,366",-51.40%,"$1,619.0",25.20%,"$5,478","$22,611"
423,CaseyÕs General Stores,"24,724",374,"$6,304",-10.60%,$226.0,25.10%,"$2,726","$4,400"
424,Amphenol,"62,000",462,"$6,286",12.90%,$822.9,7.80%,"$8,499","$21,897"
425,Oshkosh,"13,800",424,"$6,279",3.00%,$216.4,-5.70%,"$4,514","$5,118"
426,iHeartMedia,"18,700",414,"$6,274",0.50%,-$296.3,-,"$12,862",$330
427,TreeHouse Foods,"16,027",686,"$6,175",92.60%,-$228.6,-298.90%,"$6,546","$4,813"
428,Alleghany,"3,420",509,"$6,131",22.60%,$456.9,-18.50%,"$23,757","$9,476"
429,Expeditors International of Washington,"16,000",390,"$6,098",-7.80%,$430.8,-5.80%,"$2,791","$10,208"
430,Avery Dennison,"25,000",435,"$6,087",2.00%,$320.7,16.90%,"$4,396","$7,157"
431,Ameren,"8,629",425,"$6,076",-0.40%,$653.0,3.70%,"$24,699","$13,245"
432,Hanesbrands,"67,800",448,"$6,063",5.80%,$539.4,25.80%,"$6,908","$7,733"
433,Motorola Solutions,"14,000",451,"$6,038",6.00%,$560.0,-8.20%,"$8,463","$14,131"
434,St. Jude Medical,"18,000",465,"$6,004",8.40%,$734.0,-16.60%,"$12,578",-
435,Harley-Davidson,"6,000",432,"$5,997",-,$692.2,-8.00%,"$9,890","$10,626"
436,Regions Financial,"22,166",453,"$5,967",5.20%,"$1,163.0",9.50%,"$1,25,968","$17,512"
437,Intercontinental Exchange,"5,631",529,"$5,958",27.30%,"$1,422.0",11.60%,"$82,003","$35,530"
438,Alaska Air Group,"19,112",459,"$5,931",5.90%,$814.0,-4.00%,"$9,962","$11,407"
439,Old Republic International,"8,500",442,"$5,901",2.30%,$466.9,10.60%,"$18,592","$5,382"
440,Lam Research,"7,500",491,"$5,886",11.90%,$914.0,39.40%,"$12,272","$20,903"
441,AK Steel Holding,"8,500",383,"$5,883",-12.10%,-$7.8,-,"$4,036","$2,263"
442,Rockwell Automation,"22,000",412,"$5,880",-6.80%,$729.7,-11.80%,"$7,101","$20,024"
443,Adobe Systems,"15,706",524,"$5,854",22.10%,"$1,168.8",85.70%,"$12,707","$64,375"
444,Avon Products,"26,400",370,"$5,853",-18.40%,-$107.6,-,"$3,419","$1,933"
445,Terex,"18,100",396,"$5,841",-10.70%,-$176.1,-220.70%,"$5,007","$3,250"
446,NVR,"4,900",498,"$5,835",12.90%,$425.3,11.10%,"$2,644","$7,851"
447,Dana Holding,"24,900",428,"$5,826",-3.90%,$640.0,302.50%,"$4,860","$2,783"
448,Realogy Holdings,"11,800",449,"$5,810",1.80%,$213.0,15.80%,"$7,421","$4,173"
449,American Tower,"4,507",526,"$5,786",21.30%,$956.4,39.60%,"$30,879","$51,921"
450,Packaging Corp. of America,"14,000",446,"$5,779",0.60%,$449.6,2.90%,"$5,777","$8,631"
451,Citizens Financial Group,"17,600",486,"$5,763",9.20%,"$1,045.0",24.40%,"$1,49,520","$17,597"
452,United Rentals,"12,500",440,"$5,762",-0.90%,$566.0,-3.20%,"$11,988","$10,561"
453,Clorox,"8,000",455,"$5,761",1.70%,$648.0,11.70%,"$4,518","$17,294"
454,Genesis Healthcare,"82,000",457,"$5,733",2.00%,-$64.0,-,"$5,779",$408
455,M&T Bank Corp.,"16,487",510,"$5,722",14.50%,"$1,315.1",21.80%,"$1,23,449","$23,792"
456,Ingredion,"11,000",456,"$5,704",1.50%,$484.9,20.60%,"$5,782","$8,646"
457,UGI,"13,105",384,"$5,686",-15.00%,$364.7,29.80%,"$10,847","$8,543"
458,Owens Corning,"16,000",480,"$5,677",6.10%,$393.0,19.10%,"$7,741","$6,910"
459,S&P Global,"20,000",481,"$5,661",6.60%,"$2,106.0",82.20%,"$8,669","$33,805"
460,Markel,"10,900",476,"$5,612",4.50%,$455.7,-21.80%,"$25,875","$13,623"
461,Wyndham Worldwide,"37,800",466,"$5,599",1.10%,$611.0,-0.20%,"$9,819","$8,829"
462,Arthur J. Gallagher,"24,790",471,"$5,595",3.80%,$414.4,16.10%,"$11,490","$10,148"
463,Burlington Stores,"40,000",500,"$5,591",9.00%,$215.9,43.50%,"$2,575","$6,836"
464,First American Financial,"19,531",497,"$5,576",7.70%,$343.0,19.10%,"$8,832","$4,332"
465,Symantec,"11,000",400,"$5,568",-14.40%,"$2,488.0",183.40%,"$11,767","$18,986"
466,Patterson,"7,000",559,"$5,555",27.00%,$187.2,-16.20%,"$3,521","$4,393"
467,Olin,"6,400",761,"$5,551",94.50%,-$3.9,-,"$8,763","$5,444"
468,NetApp,"12,030",422,"$5,546",-9.40%,$229.0,-59.10%,"$10,037","$11,339"
469,Raymond James Financial,"11,900",482,"$5,520",4.00%,$529.4,5.40%,"$31,594","$10,958"
470,TravelCenters of America,"20,259",439,"$5,511",-5.80%,-$2.0,-107.30%,"$1,660",$241
471,Fiserv,"23,000",492,"$5,505",4.80%,$930.0,30.60%,"$9,743","$24,741"
472,Host Hotels & Resorts,"2,20,000",472,"$5,488",1.90%,$762.0,36.60%,"$11,408","$13,794"
473,Insight Enterprises,"5,930",474,"$5,486",2.10%,$84.7,11.70%,"$2,219","$1,458"
474,Mattel,"32,000",450,"$5,457",-4.30%,$318.0,-13.90%,"$6,494","$8,770"
475,AmTrust Financial Services,"8,000",531,"$5,451",18.10%,$411.0,-8.80%,"$22,615","$3,158"
476,Cincinnati Financial,"4,754",499,"$5,449",6.00%,$590.7,-6.80%,"$20,386","$11,911"
477,Simon Property Group,"4,050",488,"$5,435",3.20%,"$1,838.9",0.60%,"$31,104","$53,732"
478,Western Union,"10,700",468,"$5,423",-1.10%,$253.2,-69.80%,"$9,420","$9,691"
479,KeyCorp,"15,700",540,"$5,422",19.40%,$791.0,-13.60%,"$1,36,453","$19,238"
480,Delek US Holdings,"1,326",445,"$5,414",-6.00%,-$153.7,-892.30%,"$2,985","$1,504"
481,Booz Allen Hamilton Holding,"22,600",487,"$5,406",2.50%,$294.1,26.50%,"$3,010","$5,307"
482,Chemours,"7,000",,"$5,400",-,$7.0,-,"$6,060","$7,080"
483,Western & Southern Financial Group,"2,178",479,"$5,398",0.80%,$241.2,-47.20%,"$43,831",-
484,Regions Financial,"7,293",453,"$5,389",-5.00%,$900.0,196.10%,"$8,357","$12,643"
485,Windstream Holdings,"11,870",443,"$5,387",-6.60%,-$383.5,-,"$11,770","$1,038"
486,Seaboard,"11,781",460,"$5,379",-3.80%,$312.0,82.50%,"$4,755","$4,881"
487,Essendant,"6,600",477,"$5,369",0.10%,$63.9,-,"$2,164",$568
488,Apache,"3,727",388,"$5,354",-19.50%,"-$1,405.0",-,"$22,519","$19,547"
489,Airgas,"17,000",484,"$5,314",0.20%,$337.5,-8.30%,"$6,135",-
490,Kelly Services,"7,500",467,"$5,277",-4.40%,$120.8,124.50%,"$2,028",$836
491,Liberty Media,"3,626",525,"$5,276",10.00%,$680.0,962.50%,"$31,377","$13,055"
492,Rockwell Collins,"19,000",490,"$5,259",-0.10%,$728.0,6.10%,"$7,707","$12,711"
493,Robert Half International,"16,400",503,"$5,250",3.10%,$343.4,-4.00%,"$1,778","$6,240"
494,CH2M Hill,"20,000",478,"$5,236",-2.30%,$15.0,-81.30%,"$2,671",-
495,Big Lots,"23,150",495,"$5,200",0.20%,$152.8,7.00%,"$1,608","$2,180"
496,Michaels Cos.,"31,000",517,"$5,197",5.80%,$378.2,4.20%,"$2,148","$4,229"
497,Toll Brothers,"4,200",576,"$5,170",23.90%,$382.1,5.20%,"$9,737","$5,872"
498,Yahoo,"8,500",513,"$5,169",4.00%,-$214.3,-,"$48,083","$44,391"
499,Vistra Energy,"4,431",,"$5,164",-,-,-,"$15,167","$6,968"
500,ABM Industries,"1,10,000",485,"$5,145",-2.80%,$57.2,-25.00%,"$2,281","$2,428"
